{
    "1": 0.00001085696931113489,
    "2": 0.47553297877311707,
    "3": 0.003079247660934925,
    "4": 0.0008711871923878789,
    "5": 0.030656032264232635,
    "6": 0.004013515077531338,
    "7": 0.0013804894406348467,
    "8": 0.0005620308220386505,
    "9": 0.006170878652483225,
    "10": 0.00003412744263187051,
    "11": 0.00007782698958180845,
    "12": 0.04435337334871292,
    "13": 0.0002882805420085788,
    "14": 0.0012426218017935753,
    "15": 0.7115396857261658,
    "16": 0.00005286925079417415,
    "17": 0.012885821983218193,
    "18": 0.00019976079056505114,
    "19": 0.000006008845502947224,
    "21": 0.0015797524247318506,
    "22": 0.0002918746613431722,
    "23": 0.019911987707018852,
    "24": 0.024389220401644707,
    "26": 0.23275570571422577,
    "27": 0.0000027176974981557578,
    "29": 0.005630734842270613,
    "30": 0.000730453000869602,
    "32": 0.0005615570698864758,
    "35": 0.1644745022058487,
    "36": 0.02143242582678795,
    "37": 0.05175744742155075,
    "38": 0.0007429270772263408
}